Pct	Hap	Aligned	Correct	Overall
0	A	98.704750	94.428282	93.205200
6	A	98.801590	94.459431	93.327420
8	A	98.823820	94.466567	93.355470
20	A	98.914430	94.503532	93.477630
2	A	98.751870	94.438080	93.259370
4	A	98.776680	94.447485	93.292090
30	A	98.955650	94.525962	93.538780
10	A	98.843670	94.473242	93.380820
15	A	98.883950	94.489642	93.435090
70	A	98.989270	94.545823	93.590220
80	A	98.988520	94.547176	93.590850
40	A	98.976510	94.538654	93.571060
60	A	98.988780	94.546180	93.590110
90	A	98.987290	94.547088	93.589600
50	A	98.985700	94.544788	93.585820
100	A	98.958870	94.531223	93.547030
0	B	98.734810	94.435964	93.241170
6	B	98.829180	94.465825	93.359800
8	B	98.849970	94.472482	93.386020
20	B	98.929620	94.507085	93.495500
2	B	98.782090	94.445714	93.295450
4	B	98.806220	94.454964	93.327380
15	B	98.903100	94.494116	93.457610
30	B	98.964130	94.523319	93.544180
40	B	98.981270	94.534683	93.571630
50	B	98.988070	94.540817	93.584130
70	B	98.990830	94.544404	93.590290
100	B	98.959820	94.529982	93.546700
10	B	98.868230	94.478681	93.409400
80	B	98.989870	94.545018	93.589990
90	B	98.988410	94.545271	93.588860
60	B	98.991290	94.542894	93.589230
