Pct	Hap	Aligned	Correct	Overall
0	A	98.704750	94.428282	93.205200
2	A	98.735030	94.440788	93.246140
6	A	98.789910	94.470356	93.327180
10	A	98.834760	94.485675	93.384690
4	A	98.762470	94.457611	93.288670
50	A	98.974390	94.546569	93.576890
40	A	98.967790	94.543740	93.567850
30	A	98.950330	94.535278	93.542970
70	A	98.969090	94.540578	93.565950
80	A	98.965520	94.537582	93.559610
60	A	98.973340	94.541975	93.571350
100	A	98.958870	94.531223	93.547030
90	A	98.962120	94.533151	93.552010
15	A	98.875380	94.500572	93.437800
8	A	98.812220	94.478395	93.356200
20	A	98.908610	94.516665	93.485120
0	B	98.734810	94.435964	93.241170
2	B	98.764330	94.448492	93.281420
4	B	98.791310	94.463471	93.321700
10	B	98.858710	94.490379	93.411970
50	B	98.975600	94.541220	93.572740
40	B	98.971250	94.538161	93.565600
80	B	98.966690	94.536637	93.559780
30	B	98.957900	94.531321	93.546210
6	B	98.816960	94.475635	93.357950
90	B	98.963290	94.531649	93.551630
60	B	98.974930	94.540426	93.571320
8	B	98.838450	94.483361	93.385890
15	B	98.895770	94.504780	93.461230
70	B	98.970530	94.538596	93.565350
100	B	98.959820	94.529982	93.546700
20	B	98.925660	94.518379	93.502930
