Pct	Hap	Aligned	Correct	Overall
0	A	98.713530	94.378390	93.164240
2	A	98.725240	94.389712	93.186470
4	A	98.752950	94.407681	93.230370
8	A	98.803310	94.430814	93.300770
6	A	98.780620	94.421628	93.270270
30	A	98.942820	94.494032	93.495060
20	A	98.900760	94.473501	93.435010
15	A	98.866970	94.455823	93.385610
40	A	98.960250	94.503409	93.520810
50	A	98.967470	94.506559	93.530750
10	A	98.825930	94.438919	93.330140
60	A	98.966540	94.502031	93.525390
70	A	98.962570	94.500355	93.519980
80	A	98.959000	94.497469	93.513750
90	A	98.955730	94.493234	93.506470
100	A	98.952570	94.491250	93.501520
0	B	98.740500	94.384321	93.195550
2	B	98.754120	94.398269	93.222180
4	B	98.781470	94.414509	93.264040
8	B	98.829120	94.436316	93.330580
6	B	98.807300	94.427679	93.301440
20	B	98.917640	94.475080	93.452520
30	B	98.950250	94.489584	93.497680
40	B	98.963930	94.497076	93.518020
50	B	98.968610	94.500913	93.526240
60	B	98.968090	94.500056	93.524900
15	B	98.887300	94.459966	93.408910
10	B	98.849690	94.444161	93.357760
70	B	98.963940	94.498077	93.519020
90	B	98.956840	94.491538	93.505840
80	B	98.960120	94.496207	93.513560
100	B	98.953600	94.489670	93.500930
