Pct	Hap	Aligned	Correct	Overall
NA12878	A	98.607770	98.229997	96.862410
NA12878	B	98.541460	98.193126	96.760940
