Pct	Hap	Aligned	Correct	Overall
10	A	98.479247	98.062564	96.571274
15	A	98.472788	98.057235	96.559693
20	A	98.462691	98.053367	96.545984
15	B	98.472788	98.057235	96.559693
10	B	98.479247	98.062564	96.571274
70	A	98.367839	98.006592	96.406967
70	B	98.367839	98.006592	96.406967
