Pct	Hap	Aligned	Correct	Overall
NA12878	A	98.650700	94.174689	92.903990
NA12878	B	98.644740	94.169208	92.892970
