Pct	Hap	Aligned	Correct	Overall
0	A	98.704750	94.428282	93.205200
2	A	98.861940	94.476246	93.401050
6	A	98.964880	94.527584	93.549110
8	A	98.979270	94.536917	93.571950
15	A	98.980650	94.541347	93.577640
50	A	98.949680	94.536688	93.543750
60	A	98.942510	94.537009	93.537290
100	A	98.805030	94.435040	93.306570
80	A	98.931870	94.537321	93.527540
4	A	98.931340	94.507443	93.497480
10	A	98.983710	94.541142	93.580330
20	A	98.974540	94.541233	93.571750
70	A	98.938010	94.536630	93.532660
30	A	98.963950	94.538355	93.558890
40	A	98.956670	94.538145	93.551800
90	A	98.927520	94.537718	93.523820
0	B	98.734810	94.435964	93.241170
50	B	98.950710	94.534976	93.543030
2	B	98.882060	94.479848	93.423620
8	B	98.983160	94.533767	93.572510
6	B	98.971940	94.523579	93.551820
60	B	98.944210	94.533465	93.535390
100	B	98.805830	94.430369	93.302710
10	B	98.985590	94.535609	93.576630
15	B	98.981880	94.537930	93.575420
20	B	98.976020	94.537727	93.569680
80	B	98.933490	94.534106	93.525890
4	B	98.942930	94.508258	93.509240
40	B	98.957550	94.535313	93.549830
70	B	98.938810	94.532348	93.529180
30	B	98.965410	94.536475	93.558410
90	B	98.928770	94.533259	93.520590
