Pct	Hap	Aligned	Correct	Overall
0	A	98.704750	94.428282	93.205200
2	A	98.830040	94.454156	93.349080
15	A	98.912940	94.495543	93.468320
4	A	98.886520	94.475809	93.423840
8	A	98.914890	94.493215	93.467860
40	A	98.896330	94.496388	93.453460
20	A	98.908600	94.497010	93.465670
6	A	98.908420	94.488720	93.457300
50	A	98.892650	94.496345	93.449940
10	A	98.915260	94.494237	93.469220
30	A	98.900510	94.499108	93.460100
60	A	98.882580	94.486208	93.430400
0	B	98.734810	94.435964	93.241170
90	A	98.856800	94.467239	93.387290
80	A	98.867430	94.475269	93.405270
70	A	98.880250	94.485785	93.427780
2	B	98.853090	94.460204	93.376830
15	B	98.924640	94.499833	93.483620
8	B	98.926530	94.495986	93.481600
20	B	98.920290	94.499592	93.479270
4	B	98.902430	94.479205	93.442230
10	B	98.927140	94.498082	93.484250
6	B	98.921700	94.492371	93.473460
50	B	98.900420	94.495130	93.456080
40	B	98.904180	94.494308	93.458820
60	B	98.888620	94.484906	93.434820
30	B	98.912110	94.497367	93.469340
90	B	98.860270	94.465330	93.388680
80	B	98.871890	94.474476	93.408700
70	B	98.886060	94.484602	93.432100
100	A	98.805030	94.435040	93.306570
100	B	98.805830	94.430369	93.302710
