Pct	Hap	Aligned	Correct	Overall	AlignMem	BuildMem
NA12878	A	99.265640	94.585881	93.891280	298.7	6076
NA12878	B	99.261010	94.584228	93.885260	298.7	6076
