Pct	Hap	Aligned	Correct	Overall	AlignMem	BuildMem
NA12878	A	98.604090	92.021051	90.736520	298.7	6076
NA12878	B	98.595430	92.019823	90.727340	298.7	6076
