Pct	Loc	Alt Freq
0		1
2	138166013	0.543782487005
4	40781145	0.286085565774
6	72332936	0.147341063575
8	26499954	0.0741703318673
10	117407859	0.0377848860456
15	82026726	0.0113954418233
20	20222226	0.00499800079968
30	110749833	0.0015993602559
40	8870437	0.000599760095962
50	78659014	0.000399840063974
60	8244099	0.000199920031987
70	30276513	0.000199920031987
80	87117962	0.000199920031987
90	114772980	0.000199920031987
100		0
