Pct	Loc	Alt Freq
0		1
2	8681940	0.96875
4	4831953	0.875
6	9853781	0.78125
8	102064575	0.703125
10	115216764	0.635416666667
15	8797473	0.484375
20	77396655	0.375
30	78526349	0.208333333333
40	101162480	0.114583333333
50	24217027	0.0520833333333
60	137525725	0.0260416666667
70	42007645	0.0104166666667
80	21986218	0.00520833333333
90	96100274	0.00520833333333
